{
 "net_income_increase": 496.292885946975,
 "reform_valuation": 1830.7053101724,
 "program_cost": 1873.61246587957,
 "tax_revenue_increase": -455.108561125285,
 "education_cost": 91.4203550107797,
 "mvpf": 1.54113571000008,
 "prices_year": 2001,
 "willingness_to_pay_per_program_cost": 1.2419847959471,
 "willingness_to_pay": 2326.99819611938,
 "government_net_costs": 1509.92425976506,
 "government_net_costs_per_program_cost": 0.805889311296949
}
